{
  "opening-tag": "{",
  "closing-tag": "}",
  "body": "<?xml version=\"1.0\" encoding=\"UTF-8\" standalone=\"no\"?>\n<document type=\"com.apple.InterfaceBuilder3.CocoaTouch.Storyboard.XIB\" version=\"3.0\" toolsVersion=\"11201\" systemVersion=\"15G1217\" targetRuntime=\"iOS.CocoaTouch\" propertyAccessControl=\"none\" useAutolayout=\"YES\" useTraitCollections=\"YES\" colorMatched=\"YES\">\n    <dependencies>\n        <deployment identifier=\"iOS\"/>\n        <plugIn identifier=\"com.apple.InterfaceBuilder.IBCocoaTouchPlugin\" version=\"11161\"/>\n        <capability name=\"documents saved in the Xcode 8 format\" minToolsVersion=\"8.0\"/>\n    </dependencies>\n    <scenes>\n        <!--View Controller-->\n        <scene sceneID=\"qAw-JF-viq\">\n            <objects>\n                <viewController id=\"[ID]\" sceneMemberID=\"viewController\">\n                    <layoutGuides>\n                        <viewControllerLayoutGuide type=\"top\" id=\"[ID]\"/>\n                        <viewControllerLayoutGuide type=\"bottom\" id=\"[ID]\"/>\n                    </layoutGuides>\n                    <view key=\"view\" contentMode=\"center\" id=\"[ID]\">\n                        <rect key=\"frame\" x=\"0.0\" y=\"0.0\" width=\"375\" height=\"667\"/>\n                        <autoresizingMask key=\"autoresizingMask\" widthSizable=\"YES\" heightSizable=\"YES\"/>\n                        <subviews>\n                          {}\n                        </subviews>\n                        <color key=\"backgroundColor\" white=\"1\" alpha=\"1\" colorSpace=\"calibratedWhite\"/>\n                    </view>\n                </viewController>\n                <placeholder placeholderIdentifier=\"IBFirstResponder\" id=\"[ID]\" userLabel=\"First Responder\" sceneMemberID=\"firstResponder\"/>\n            </objects>\n            <point key=\"canvasLocation\" x=\"20\" y=\"95.802098950524751\"/>\n        </scene>\n    </scenes>\n</document>\n",
  "stack": "<stackView opaque=\"NO\" contentMode=\"center\" fixedFrame=\"YES\" axis=\"vertical\" alignment=\"center\" spacing=\"10\" translatesAutoresizingMaskIntoConstraints=\"NO\" id=\"[ID]\">\n    <frame key=\"frameInset\" minX=\"16\" minY=\"20\" width=\"343\" height=\"440\"/>\n    <autoresizingMask key=\"autoresizingMask\" flexibleMaxX=\"YES\" flexibleMaxY=\"YES\"/>\n    <subviews>\n        {}\n    </subviews>\n    <color key=\"backgroundColor\" red=\"0.80000001190000003\" green=\"0.80000001190000003\" blue=\"0.80000001190000003\" alpha=\"1\" colorSpace=\"calibratedRGB\"/>\n</stackView>",
  "row": "<view contentMode=\"center\" ambiguous=\"YES\" translatesAutoresizingMaskIntoConstraints=\"NO\" id=\"[ID]\">\n    <frame key=\"frameInset\" width=\"343\" height=\"65\"/>\n    <subviews>\n        <stackView opaque=\"NO\" contentMode=\"center\" fixedFrame=\"YES\" spacing=\"30\" translatesAutoresizingMaskIntoConstraints=\"NO\" id=\"[ID]\">\n            <frame key=\"frameInset\" minX=\"8\" minY=\"6\" width=\"337\" height=\"52\"/>\n            <autoresizingMask key=\"autoresizingMask\" flexibleMaxX=\"YES\" flexibleMaxY=\"YES\"/>\n            <subviews>\n                {}\n            </subviews>\n        </stackView>\n    </subviews>\n    <color key=\"backgroundColor\" red=\"0.9\" green=\"0.9\" blue=\"0.9\" alpha=\"1\" colorSpace=\"calibratedRGB\"/>\n</view>",
  "img": "<imageView userInteractionEnabled=\"NO\" contentMode=\"scaleToFill\" horizontalHuggingPriority=\"251\" verticalHuggingPriority=\"251\" ambiguous=\"YES\" translatesAutoresizingMaskIntoConstraints=\"NO\" id=\"[ID]\">\n    <frame key=\"frameInset\" width=\"36\" height=\"36\"/>\n    <color key=\"backgroundColor\" red=\"0.40000000600000002\" green=\"0.40000000600000002\" blue=\"1\" alpha=\"1\" colorSpace=\"calibratedRGB\"/>\n</imageView>",
  "label": "<label opaque=\"NO\" userInteractionEnabled=\"NO\" contentMode=\"left\" horizontalHuggingPriority=\"251\" verticalHuggingPriority=\"251\" ambiguous=\"YES\" text=\"[TEXT]\" textAlignment=\"natural\" lineBreakMode=\"tailTruncation\" baselineAdjustment=\"alignBaselines\" adjustsFontSizeToFit=\"NO\" translatesAutoresizingMaskIntoConstraints=\"NO\" id=\"[ID]\">\n    <frame key=\"frameInset\" width=\"255\" height=\"52\"/>\n    <fontDescription key=\"fontDescription\" type=\"system\" pointSize=\"17\"/>\n    <nil key=\"textColor\"/>\n    <nil key=\"highlightedColor\"/>\n</label>",
  "switch": "<switch opaque=\"NO\" contentMode=\"scaleToFill\" horizontalHuggingPriority=\"750\" verticalHuggingPriority=\"750\" ambiguous=\"YES\" contentHorizontalAlignment=\"center\" contentVerticalAlignment=\"center\" on=\"YES\" translatesAutoresizingMaskIntoConstraints=\"NO\" id=\"[ID]\">\n    <frame key=\"frameInset\" width=\"51\" height=\"31\"/>\n</switch>",
  "slider": "<slider opaque=\"NO\" contentMode=\"scaleToFill\" ambiguous=\"YES\" contentHorizontalAlignment=\"center\" contentVerticalAlignment=\"center\" value=\"0.5\" minValue=\"0.0\" maxValue=\"1\" translatesAutoresizingMaskIntoConstraints=\"NO\" id=\"[ID]\">\n    <frame key=\"frameInset\" width=\"142\" height=\"31\"/>\n</slider>",
  "btn-add": "<button opaque=\"NO\" contentMode=\"scaleToFill\" ambiguous=\"YES\" contentHorizontalAlignment=\"center\" contentVerticalAlignment=\"center\" buttonType=\"contactAdd\" lineBreakMode=\"middleTruncation\" translatesAutoresizingMaskIntoConstraints=\"NO\" id=\"[ID]\">\n    <frame key=\"frameInset\" width=\"22\" height=\"22\"/>\n</button>",
  "footer": "<tabBar contentMode=\"scaleToFill\" fixedFrame=\"YES\" translatesAutoresizingMaskIntoConstraints=\"NO\" id=\"[ID]\">\n    <frame key=\"frameInset\" height=\"49\"/>\n    <autoresizingMask key=\"autoresizingMask\" widthSizable=\"YES\" flexibleMinY=\"YES\"/>\n    <color key=\"backgroundColor\" white=\"0.0\" alpha=\"0.0\" colorSpace=\"calibratedWhite\"/>\n    <items>\n        {}\n    </items>\n</tabBar>",
  "btn-search": "<tabBarItem systemItem=\"search\" id=\"[ID]\"/>",
  "btn-contact": "<tabBarItem systemItem=\"contacts\" id=\"[ID]\"/>",
  "btn-download": "<tabBarItem systemItem=\"downloads\" id=\"[ID]\"/>",
  "btn-more": "<tabBarItem systemItem=\"more\" id=\"[ID]\"/>"
}
